{"F1_Antiparasitic":0.26119402541462466,"Val AP":0.6408363541954912,"AP_Antiviral":0.6279527743413278,"F1_Antiviral":0.5818631953972663,"AP_Antibacterial":0.9116435079610914,"AP_Antifungal":0.5571498663156493,"_runtime":14834.731817756,"_step":109,"F1_Antifungal":0.5492459454753351,"Val AUC":0.9203303081288559,"Val F1":0.6269473147163988,"F1_Antimicrobial":0.8824076175889134,"Train Loss":0.00977704541501137,"F1_Antibacterial":0.8600257897058541,"AP_Antimicrobial":0.9380471972448611,"AP_Antiparasitic":0.16938842511452692,"Val Loss":0.2722093249770623,"_wandb":{"runtime":14834},"_timestamp":1.747009575071336e+09,"Epoch":100}