{"AP_Antifungal":0.5639240728201809,"_timestamp":1.7471503441635528e+09,"Val AP":0.630022086755694,"Train Loss":0.014397902216974791,"_runtime":21978.278303821,"_step":109,"Epoch":100,"AP_Antibacterial":0.9156970935641517,"AP_Antiviral":0.6119652128799707,"Val F1":0.6146697114508601,"F1_Antifungal":0.5437821877898448,"F1_Antiviral":0.564663018783826,"F1_Antibacterial":0.8630835571817599,"F1_Antiparasitic":0.21960783848242993,"AP_Antimicrobial":0.9405245110311972,"Val AUC":0.9166665232450686,"_wandb":{"runtime":21978},"Val Loss":0.2763527366866186,"AP_Antiparasitic":0.1179995434829697,"F1_Antimicrobial":0.8822119550164398}