{"_runtime":552.432773508,"_step":4,"_wandb":{"runtime":613},"Train Loss":0.13299723978615502,"Epoch":5,"_timestamp":1.7471036823698578e+09}