{"Train Loss": 0.22639538255310798, "Val Loss": 0.2137185926296452, "Epoch": 1, "_timestamp": 1746850511.315045, "_runtime": 362.55966210365295, "_step": 0, "_wandb": {"runtime": 440}}