{"_step":109,"Val F1":0.5894729273695776,"F1_Antimicrobial":0.8488435905445184,"Val Loss":0.29312382824357275,"Train Loss":0.012036788479189922,"AP_Antiparasitic":0.09777571533977988,"F1_Antiparasitic":0.20095693426066255,"_timestamp":1.7470188678763182e+09,"_runtime":47799.200854655,"AP_Antifungal":0.5013388856417625,"AP_Antibacterial":0.9064338713769586,"_wandb":{"runtime":47800},"Val AUC":0.8972012265737334,"F1_Antifungal":0.5051546341761857,"F1_Antiviral":0.5348377947380547,"Val AP":0.598358812646594,"F1_Antibacterial":0.8575716831284667,"AP_Antiviral":0.5677198379986964,"AP_Antimicrobial":0.9185257528757724,"Epoch":100}