{"_runtime":16028.334903435,"_step":99,"Train Loss":0.39480606155488096,"Epoch":100,"_wandb":{"runtime":16028},"_timestamp":1.7471855732107694e+09}