{"AP_Antiviral":0.6022089473345031,"_step":109,"F1_Antifungal":0.5440900512853163,"AP_Antifungal":0.5735100237744966,"Val AUC":0.9060013094424135,"F1_Antibacterial":0.8633432879713452,"Epoch":100,"_runtime":22839.701795499,"AP_Antimicrobial":0.944102819941811,"Val AP":0.6362727024977927,"F1_Antimicrobial":0.882321956495817,"Val F1":0.613073976060486,"_wandb":{"runtime":22839},"Train Loss":0.011813640063210363,"AP_Antiparasitic":0.13866066418530526,"F1_Antiparasitic":0.21739130014782612,"Val Loss":0.26824649567308934,"_timestamp":1.7471512052780342e+09,"F1_Antiviral":0.5582232844021253,"AP_Antibacterial":0.922881057252848}