{"AP_Antifungal":0.5627997321979721,"AP_Antimicrobial":0.9421092350205555,"F1_Antimicrobial":0.8865894957600511,"Epoch":100,"F1_Antifungal":0.5611200811711146,"F1_Antibacterial":0.8696776105727978,"_step":109,"_runtime":9345.089535965,"Val AP":0.6462943777082325,"_timestamp":1.747215206317172e+09,"Train Loss":0.011513228891773412,"AP_Antiparasitic":0.1685465818848545,"AP_Antiviral":0.6403660485498595,"F1_Antiparasitic":0.2695035414624517,"Val F1":0.6331497671838848,"Val AUC":0.9076200703589159,"AP_Antibacterial":0.9176502908879205,"F1_Antiviral":0.578858106953009,"Val Loss":0.25683123194838614,"_wandb":{"runtime":9345}}