{"Val AP":0.6472245426243298,"F1_Antibacterial":0.8768828723445525,"Train Loss":0.01670362613436843,"Val AUC":0.9325807085693585,"Val Loss":0.23265854953675197,"AP_Antibacterial":0.9201240659016873,"F1_Antiviral":0.6006262404010836,"F1_Antifungal":0.5620751291767698,"_wandb":{"runtime":6016},"AP_Antifungal":0.57270473965476,"AP_Antiparasitic":0.147833522269535,"F1_Antimicrobial":0.8900270761262326,"_runtime":6016.239669,"_step":164,"F1_Antiparasitic":0.23430961903398057,"Epoch":150,"AP_Antimicrobial":0.9455924896443304,"_timestamp":1.7470413094489498e+09,"AP_Antiviral":0.6498678956513367,"Val F1":0.6327841874165239}