{"F1_Antiviral":0.5643392910569297,"Train Loss":0.012442338140610746,"_step":109,"Val Loss":0.29287705872461056,"AP_Antibacterial":0.9157990041345501,"F1_Antibacterial":0.8610295204290913,"F1_Antiparasitic":0.1855670054539538,"AP_Antifungal":0.5554678188115489,"Val AUC":0.9286062281839083,"F1_Antimicrobial":0.8781973853554953,"Val AP":0.6248190963954897,"_wandb":{"runtime":22106},"_runtime":22106.23402233,"F1_Antifungal":0.5458928190313622,"Val F1":0.6070052042653665,"AP_Antimicrobial":0.9372775118783502,"AP_Antiparasitic":0.09841277515715954,"_timestamp":1.747148915601122e+09,"Epoch":100,"AP_Antiviral":0.6171383719958398}