{"AP_Antiparasitic":0.1426882473198013,"Val F1":0.6178390067150679,"F1_Antimicrobial":0.881242029526842,"AP_Antibacterial":0.9134862551058828,"_timestamp":1.7470782073013844e+09,"Val AUC":0.9142961581807132,"F1_Antibacterial":0.8688308619714435,"F1_Antiparasitic":0.22674418106696198,"AP_Antimicrobial":0.9371293733386398,"F1_Antiviral":0.5608706606647581,"_wandb":{"runtime":18965},"_runtime":18965.571810967,"AP_Antifungal":0.575327871397088,"Train Loss":0.010408936319973047,"F1_Antifungal":0.551507300345334,"Epoch":100,"Val AP":0.6342629608495192,"AP_Antiviral":0.6026830570861839,"Val Loss":0.290552889244649,"_step":109}