{"F1_Antiviral":0.568389950758429,"AP_Antifungal":0.553243581787568,"F1_Antibacterial":0.8684289980233207,"F1_Antimicrobial":0.8862731268811741,"AP_Antiviral":0.6240740451141668,"AP_Antiparasitic":0.13160798172867344,"Val F1":0.6229546122527075,"_timestamp":1.747029201748985e+09,"_runtime":4785.897525077,"Val Loss":0.2540344327624923,"F1_Antifungal":0.5542709182441108,"_step":109,"Epoch":100,"AP_Antimicrobial":0.9360034232426993,"Train Loss":0.012490313239926835,"F1_Antiparasitic":0.23741006735650333,"AP_Antibacterial":0.9124807980911821,"Val AP":0.6314819659928579,"_wandb":{"runtime":4785},"Val AUC":0.9172390764182922}