{"_runtime":1849.006750227,"_step":8,"_wandb":{"runtime":2092},"Train Loss":0.5347991559111956,"Epoch":9,"_timestamp":1.7471571302429538e+09}