{"Epoch":10,"_timestamp":1.747160585219973e+09,"_runtime":2891.896657035,"_step":9,"_wandb":{"runtime":2891},"Train Loss":0.526392797243248}