{"_step":99,"Train Loss":0.3954043137795717,"Epoch":100,"_timestamp":1.7471860391292422e+09,"_runtime":15139.67778265,"_wandb":{"runtime":15139}}