{"AP_Antibacterial":0.9206000629280578,"AP_Antimicrobial":0.9450246202897713,"_wandb":{"runtime":7242},"Epoch":150,"F1_Antiviral":0.5993246995802919,"F1_Antimicrobial":0.8908865051437744,"_timestamp":1.7470423416988065e+09,"_runtime":7242.40728295,"Val AUC":0.9295452668323495,"Val F1":0.6358304384872561,"AP_Antifungal":0.5680436011131051,"Val Loss":0.25597258701341824,"AP_Antiparasitic":0.16522568708587454,"F1_Antibacterial":0.8751322701342963,"AP_Antiviral":0.6352589942450283,"F1_Antiparasitic":0.2465753377211954,"_step":164,"Train Loss":0.00893842969041711,"F1_Antifungal":0.5672333798567226,"Val AP":0.6468305931323675}