{"Val AP":0.6032589859781335,"AP_Antiparasitic":0.08267214476776474,"AP_Antiviral":0.5989075066621299,"_runtime":1557.480192855,"Epoch":10,"AP_Antibacterial":0.9180252307584749,"F1_Antimicrobial":0.8754037790336516,"F1_Antiparasitic":0.14225941046550314,"Val AUC":0.9344044622048331,"F1_Antibacterial":0.8578106102015929,"_step":10,"AP_Antifungal":0.48070131920426545,"F1_Antiviral":0.5399999950039777,"Val F1":0.5827505520896944,"AP_Antimicrobial":0.9359887284980328,"_wandb":{"runtime":1557},"_timestamp":1.7470607942480264e+09,"Train Loss":0.10583400937538702,"F1_Antifungal":0.4982789657437463,"Val Loss":0.1334234275574823}