{"AP_Antiviral":0.6268888091232473,"F1_Antifungal":0.5654054004144463,"AP_Antimicrobial":0.9432382887743018,"F1_Antibacterial":0.8771163248750434,"Val AUC":0.9112767155478447,"Epoch":100,"AP_Antifungal":0.5683080076729474,"AP_Antibacterial":0.9212857788056525,"AP_Antiparasitic":0.15235875324822015,"_runtime":4728.928448129,"Val AP":0.6424159275248739,"_step":109,"Val F1":0.6302136443159874,"F1_Antimicrobial":0.8825154225643621,"F1_Antiviral":0.5907369598079301,"_wandb":{"runtime":4729},"_timestamp":1.747034382463605e+09,"Train Loss":0.011449953931377007,"Val Loss":0.25752457923445743,"F1_Antiparasitic":0.23529411391815555}