{"Epoch":2,"_timestamp":1.7472041288121395e+09,"_wandb":{"runtime":131},"_runtime":122.433071687,"_step":1,"Train Loss":0.1522529414267216}