{"Epoch":100,"AP_Antiparasitic":0.17034910753854327,"Train Loss":0.010311386670868672,"_runtime":13202.261977327,"Val F1":0.6210334473655447,"_wandb":{"runtime":13202},"Val AP":0.6355993993279341,"F1_Antiviral":0.5644241683504411,"Val AUC":0.9188416971338846,"_step":109,"AP_Antiviral":0.5965622523014721,"AP_Antifungal":0.5583028744381558,"F1_Antibacterial":0.8635944650461754,"_timestamp":1.7470242357514484e+09,"Val Loss":0.28482071891861055,"F1_Antifungal":0.556253564389595,"AP_Antimicrobial":0.9370741155910344,"F1_Antiparasitic":0.24096385137981646,"F1_Antimicrobial":0.8799311876616962,"AP_Antibacterial":0.9157086467704643}