{"AP_Antiparasitic":0.17214905196459626,"F1_Antifungal":0.5554210567655506,"AP_Antimicrobial":0.9302251803144608,"Val AUC":0.9322574395091898,"Val Loss":0.3185292414380509,"AP_Antifungal":0.5407373431969291,"_step":109,"Epoch":100,"F1_Antiviral":0.5812835686755684,"Train Loss":0.009081130201003776,"_timestamp":1.7471273424576588e+09,"Val AP":0.6358686360628965,"F1_Antimicrobial":0.8774045313202067,"F1_Antibacterial":0.858464800826635,"Val F1":0.6251814572216366,"AP_Antiviral":0.6237795571846,"_wandb":{"runtime":23378},"F1_Antiparasitic":0.25333332852022233,"AP_Antibacterial":0.9124520476538962,"_runtime":23378.764850868}