{"Val Loss":0.2701123525361413,"_wandb":{"runtime":13703},"AP_Antiviral":0.6128507519903943,"AP_Antimicrobial":0.9389354917926636,"Train Loss":0.010986351666438566,"Val AP":0.6356344632146488,"_timestamp":1.7470247996181817e+09,"F1_Antiviral":0.5686643325445382,"_runtime":13703.6667443,"_step":109,"AP_Antibacterial":0.9179992738021071,"F1_Antimicrobial":0.8795524686320749,"Val F1":0.6147027203365726,"Val AUC":0.9227575881819681,"AP_Antifungal":0.5752315137250467,"F1_Antiparasitic":0.20425531483422374,"F1_Antifungal":0.5581395298872391,"Epoch":100,"F1_Antibacterial":0.8629019557847868,"AP_Antiparasitic":0.13315528476303215}