{"_step":109,"F1_Antimicrobial":0.8799205650269087,"AP_Antibacterial":0.9162169710305478,"AP_Antifungal":0.5551627438487389,"_timestamp":1.7471511906267846e+09,"F1_Antifungal":0.5423308487147457,"AP_Antiparasitic":0.10423416728999976,"_runtime":23841.65810895,"Val AUC":0.8977841352201755,"AP_Antiviral":0.6150082748351008,"F1_Antibacterial":0.862643234115189,"_wandb":{"runtime":23841},"Train Loss":0.011396058012524538,"Val F1":0.6147262624445056,"Epoch":100,"F1_Antiparasitic":0.2173912994867151,"AP_Antimicrobial":0.9365592552931485,"Val Loss":0.2943587231404573,"F1_Antiviral":0.5713453648789691,"Val AP":0.6254362824595072}