{"_runtime":2053.933051191,"_step":8,"Train Loss":0.5322984994615166,"_wandb":{"runtime":2259},"Epoch":9,"_timestamp":1.747157310086576e+09}