{"_wandb":{"runtime":22767},"_runtime":22767.236553426,"_timestamp":1.747126801057563e+09,"F1_Antibacterial":0.8608562641135431,"F1_Antiviral":0.5812701779944479,"Train Loss":0.01423983068374388,"F1_Antimicrobial":0.8810011326590684,"F1_Antifungal":0.5552768616827234,"AP_Antimicrobial":0.9346172980188594,"F1_Antiparasitic":0.2470119480998715,"Val AP":0.6370764250090094,"_step":109,"AP_Antiviral":0.6336550642745412,"AP_Antibacterial":0.9136086721888932,"Val AUC":0.9280140369201219,"Val F1":0.6250832769099309,"AP_Antiparasitic":0.14991703499263614,"Epoch":100,"Val Loss":0.27340799675286903,"AP_Antifungal":0.5535840555701169}