{"AP_Antiparasitic":0.15307428834239367,"Val AP":0.6410816221677595,"F1_Antibacterial":0.865022210413138,"Val AUC":0.9113388691951366,"_timestamp":1.747176082846016e+09,"_step":109,"F1_Antifungal":0.5580140263103056,"F1_Antiparasitic":0.23452768243440258,"AP_Antibacterial":0.9174830048670759,"Val F1":0.6239291566280609,"AP_Antiviral":0.6289138577679702,"_wandb":{"runtime":20133},"Val Loss":0.2686751986374554,"Train Loss":0.009203319663398908,"_runtime":20133.045680863,"AP_Antifungal":0.5631864979545224,"F1_Antiviral":0.577621553350045,"AP_Antimicrobial":0.9427504619068351,"F1_Antimicrobial":0.8844603106324136,"Epoch":100}