{"Val F1":0.6095557614354259,"Epoch":100,"_runtime":37553.568914643,"Train Loss":0.010501814151233066,"_wandb":{"runtime":37554},"AP_Antiviral":0.597186316621261,"Val Loss":0.2938308557477391,"Val AUC":0.9120627814051268,"_timestamp":1.7470995798085444e+09,"AP_Antifungal":0.5711655066089049,"AP_Antibacterial":0.9182862783606899,"F1_Antibacterial":0.8646185225405428,"Val AP":0.6264710196985339,"_step":109,"F1_Antimicrobial":0.8791506880117304,"AP_Antiparasitic":0.10333263855364838,"AP_Antimicrobial":0.942384358348166,"F1_Antiviral":0.550619517611401,"F1_Antifungal":0.5403316647127262,"F1_Antiparasitic":0.21305841430072875}