{"_step":4,"Train Loss":0.13344069307000891,"Epoch":5,"_timestamp":1.7471707665648258e+09,"_runtime":1218.433643949,"_wandb":{"runtime":1300}}