{"F1_Antiparasitic":0.242424237635162,"_step":87,"F1_Antiviral":0.5555555506996362,"Val AUC":0.9139855571929048,"Val F1":0.6150463126558909,"F1_Antibacterial":0.8620078538489165,"Epoch":80,"_runtime":26698.587498394,"_timestamp":1.7469705006146996e+09,"_wandb":{"runtime":26871},"Val AP":0.6160391879361471,"AP_Antimicrobial":0.9305976086451594,"F1_Antimicrobial":0.8771290916760606,"Val Loss":0.2804104920530927,"Train Loss":0.012403553832792541,"AP_Antibacterial":0.9050146247736456,"F1_Antifungal":0.5381148294196793,"AP_Antiparasitic":0.13886771503604123,"AP_Antiviral":0.5676848926167491,"AP_Antifungal":0.5380310986091397}