{"Train Loss": 0.19168596541465716, "Val Loss": 0.15258146611641543, "Epoch": 1, "_timestamp": 1746850540.695332, "_runtime": 557.333692073822, "_step": 0, "_wandb": {"runtime": 600}}