{"Val F1":0.6184103109103883,"F1_Antimicrobial":0.8794757731419416,"F1_Antiviral":0.573371099842989,"_runtime":50811.360958534,"F1_Antibacterial":0.8582590979856827,"AP_Antifungal":0.5390869660693721,"_wandb":{"runtime":50812},"_step":109,"AP_Antiparasitic":0.13940279184062956,"AP_Antimicrobial":0.9360054598783369,"Train Loss":0.009335827187225856,"AP_Antibacterial":0.9091711608238641,"Epoch":100,"Val AP":0.6235788226771118,"F1_Antiparasitic":0.23563217891217475,"_timestamp":1.7470218330337844e+09,"AP_Antiviral":0.5942277347733567,"F1_Antifungal":0.5453134046691542,"Val Loss":0.29102548002039347,"Val AUC":0.9167267539261544}