{"F1_Antifungal":0.5514051888961881,"Val AP":0.6360642265105133,"AP_Antiviral":0.5999931121822194,"Val Loss":0.2575947014307513,"_step":109,"F1_Antiparasitic":0.2276923027438581,"_wandb":{"runtime":24522},"AP_Antifungal":0.5601848527363581,"AP_Antibacterial":0.9125935255340204,"AP_Antiparasitic":0.17316607604039264,"F1_Antimicrobial":0.8719755103898332,"_runtime":24522.444840993,"Train Loss":0.013176248866801367,"AP_Antimicrobial":0.9343835660595756,"Epoch":100,"Val F1":0.613454275586838,"_timestamp":1.7471283608015058e+09,"F1_Antiviral":0.5538818026956764,"F1_Antibacterial":0.8623165732086339,"Val AUC":0.927978504000569}