{"AP_Antiparasitic":0.16403173470482352,"_step":109,"Val AUC":0.9072003602594911,"AP_Antibacterial":0.9189155752116234,"Val F1":0.617709086811616,"_timestamp":1.7469907056454365e+09,"Val AP":0.6388881328075262,"F1_Antimicrobial":0.875599497636255,"AP_Antifungal":0.5644492318507283,"Val Loss":0.27543595100129115,"F1_Antifungal":0.5431422372343346,"F1_Antibacterial":0.866097307544451,"Epoch":100,"_runtime":19961.254969887,"AP_Antimicrobial":0.9388396409447288,"Train Loss":0.010998992965013032,"AP_Antiviral":0.6082044813257269,"F1_Antiviral":0.5570103605250277,"_wandb":{"runtime":19961},"F1_Antiparasitic":0.24669603111801128}