{"Train Loss": 0.16787816120076526, "Val Loss": 0.15308860547485806, "Epoch": 1, "_timestamp": 1746849739.3216906, "_runtime": 325.16062664985657, "_step": 0, "_wandb": {"runtime": 434}}