{"Train Loss":0.10650992322604633,"Epoch":10,"_timestamp":1.7472051018775105e+09,"_runtime":943.438463517,"_step":9,"_wandb":{"runtime":943}}