{"_step":0,"Train Loss":0.18112377546076636,"Val Loss":0.15378804048432887,"Epoch":1,"_timestamp":1.7468824653116693e+09,"_runtime":670.575235666,"_wandb":{"runtime":681}}