{"_step":109,"F1_Antifungal":0.5550677560241208,"AP_Antiparasitic":0.15259130700163778,"AP_Antimicrobial":0.9430941583706808,"_runtime":19440.121634458,"F1_Antibacterial":0.8652841731874965,"AP_Antifungal":0.5576314310765272,"Train Loss":0.010766812029279977,"Val AP":0.6361564155345591,"Val F1":0.6227629606430484,"Val Loss":0.26990593204148183,"_wandb":{"runtime":19440},"AP_Antiviral":0.6065391930914833,"F1_Antiparasitic":0.2479338804463493,"_timestamp":1.7470806059231842e+09,"AP_Antibacterial":0.9209259881324663,"F1_Antimicrobial":0.8811539983873048,"F1_Antiviral":0.5643749951699707,"Epoch":100,"Val AUC":0.9222813004879076}