{"_timestamp":1.7469921564201016e+09,"Val AP":0.6388579722160741,"_step":109,"Train Loss":0.009898875286752918,"Epoch":100,"F1_Antibacterial":0.8604370711141885,"_runtime":21450.024303749,"F1_Antifungal":0.5566241363242526,"F1_Antiviral":0.5813486320540789,"F1_Antimicrobial":0.8788486442871615,"AP_Antiviral":0.62561866377621,"AP_Antifungal":0.5672676924433077,"_wandb":{"runtime":21450},"AP_Antimicrobial":0.9348262351944298,"Val F1":0.6248187843811966,"Val AUC":0.9214891359469901,"Val Loss":0.272402517049058,"AP_Antibacterial":0.9136209476653896,"F1_Antiparasitic":0.24683543812630196,"AP_Antiparasitic":0.15295632200103357}