{"_wandb":{"runtime":19907},"F1_Antimicrobial":0.8773079163843631,"_timestamp":1.7471758894214377e+09,"Val AP":0.6282914896298157,"F1_Antiparasitic":0.17813764728286002,"Val Loss":0.26386644098799206,"_runtime":19907.160436219,"Val AUC":0.8921019292538297,"AP_Antifungal":0.5556614555090611,"_step":109,"AP_Antimicrobial":0.93942354675754,"Train Loss":0.009002748646239922,"Epoch":100,"F1_Antiviral":0.5663163824149516,"F1_Antifungal":0.5449295007308778,"AP_Antiviral":0.6120795117836125,"F1_Antibacterial":0.8688800439607555,"AP_Antibacterial":0.9236664523437815,"AP_Antiparasitic":0.11062648175508386,"Val F1":0.6071142981547617}