{"_runtime":967.039262059,"_step":9,"_wandb":{"runtime":967},"Train Loss":0.10967222997936808,"Epoch":10,"_timestamp":1.747205110153823e+09}