{"F1_Antiparasitic":0.22317596139475773,"Val Loss":0.27667336528397446,"Val AUC":0.912076611659721,"_timestamp":1.7470105740842295e+09,"Val F1":0.6148963836854301,"_runtime":15804.749251096,"AP_Antiviral":0.5988825908103941,"AP_Antiparasitic":0.11429614338638139,"AP_Antifungal":0.5676169233110211,"Epoch":100,"Val AP":0.6262730880504804,"F1_Antibacterial":0.8585928439047751,"AP_Antibacterial":0.9094824772109654,"AP_Antimicrobial":0.9410873055336402,"_wandb":{"runtime":15804},"F1_Antiviral":0.5676881831133164,"Train Loss":0.01027557004714448,"_step":109,"F1_Antifungal":0.5499221268832583,"F1_Antimicrobial":0.8751028031310427}