{"_wandb":{"runtime":3110},"Train Loss":0.10422426071560499,"Epoch":10,"_timestamp":1.747160800961499e+09,"_runtime":3110.9202894,"_step":9}