{"Val Loss":0.23897087377975287,"F1_Antiparasitic":0.27027026600080506,"Epoch":150,"Val AP":0.6509550051321451,"_step":164,"F1_Antibacterial":0.8738526840706358,"F1_Antimicrobial":0.8866375495851528,"F1_Antifungal":0.5502458160524218,"AP_Antifungal":0.5660636686173545,"_wandb":{"runtime":5838},"_runtime":5838.486160971,"AP_Antimicrobial":0.9442360284685989,"_timestamp":1.7470411120422978e+09,"Val AUC":0.9317367015746427,"AP_Antiparasitic":0.19073483983880557,"AP_Antiviral":0.6346277890261843,"F1_Antiviral":0.5892165574900957,"AP_Antibacterial":0.9191126997097825,"Val F1":0.6340445746398222,"Train Loss":0.01729102160474195}