{"_runtime":87.294839328,"_step":0,"Train Loss":0.1895861911614543,"Epoch":1,"_timestamp":1.7470590940611596e+09,"_wandb":{"runtime":115}}