{"F1_Antifungal":0.544696964698061,"_runtime":4804.245779776,"_wandb":{"runtime":4804},"Val AP":0.6363705389002858,"_timestamp":1.7470344604596076e+09,"Val AUC":0.9242253596960959,"F1_Antibacterial":0.8706307388542166,"AP_Antiparasitic":0.10630900014338664,"AP_Antiviral":0.6508684654611155,"F1_Antiparasitic":0.18965516744170316,"Val F1":0.6182273726901553,"Epoch":100,"F1_Antimicrobial":0.88473890305508,"AP_Antibacterial":0.9246982683490996,"Val Loss":0.26101543644208064,"AP_Antifungal":0.5585707901689406,"F1_Antiviral":0.6014150894017156,"_step":109,"Train Loss":0.012859116191975772,"AP_Antimicrobial":0.9414061703788872}