{"AP_Antiviral":0.6082149640842685,"AP_Antiparasitic":0.16513899194591156,"Val F1":0.6309940363361332,"Val AP":0.6351817005850793,"AP_Antibacterial":0.9096120048600267,"Epoch":100,"_step":109,"Val Loss":0.254557154971419,"F1_Antimicrobial":0.8862617153424382,"Val AUC":0.92483751831883,"AP_Antimicrobial":0.9350875132050113,"_timestamp":1.7471283604367826e+09,"F1_Antiparasitic":0.2743682264744752,"F1_Antibacterial":0.8650231074807473,"F1_Antifungal":0.5507763648151941,"AP_Antifungal":0.5578550288301787,"Train Loss":0.011500669898859731,"_runtime":24525.449749024,"F1_Antiviral":0.5785407675678109,"_wandb":{"runtime":24525}}