{"AP_Antiparasitic":0.12807573656249038,"_wandb":{"runtime":4825},"_timestamp":1.7470292596357288e+09,"_step":109,"Val AUC":0.9326738993061461,"Val AP":0.639488486803059,"Val F1":0.6278298115003805,"AP_Antimicrobial":0.9461053928227809,"Epoch":100,"F1_Antimicrobial":0.8885754533925219,"AP_Antibacterial":0.9242848781872712,"F1_Antibacterial":0.8738683393309669,"_runtime":4825.228154694,"Val Loss":0.2450703912278981,"F1_Antifungal":0.5557663075961713,"AP_Antiviral":0.6283436788049142,"Train Loss":0.013370012448653035,"AP_Antifungal":0.5706327476378384,"F1_Antiviral":0.5876056288220195,"F1_Antiparasitic":0.23333332836022236}