{"Val Loss":0.27909886844510445,"Val F1":0.6218322434882845,"AP_Antifungal":0.5812179543823517,"_runtime":7172.160193357,"Val AP":0.6429081616573444,"F1_Antiparasitic":0.1983471029844274,"_step":164,"AP_Antimicrobial":0.9435488713993608,"Train Loss":0.008675622775273633,"AP_Antiviral":0.6375567047886677,"Val AUC":0.9294111151763692,"F1_Antibacterial":0.8738043763640175,"F1_Antifungal":0.5543701990052801,"_timestamp":1.7470422682508185e+09,"AP_Antiparasitic":0.12993192399090117,"AP_Antibacterial":0.9222853537254408,"_wandb":{"runtime":7172},"F1_Antiviral":0.5926735871315325,"Epoch":150,"F1_Antimicrobial":0.889965951956165}