{"F1_Antiviral":0.559377799448909,"Train Loss":0.013590564061797143,"Val AUC":0.9004446905958066,"AP_Antiviral":0.5890222598484021,"F1_Antibacterial":0.8560807172544385,"_timestamp":1.7469706320932965e+09,"AP_Antifungal":0.5154803495879656,"_step":87,"F1_Antifungal":0.5210650439180242,"F1_Antimicrobial":0.8790632595928004,"Epoch":80,"F1_Antiparasitic":0.203921563972626,"AP_Antibacterial":0.9017431036049446,"Val F1":0.6039016768373597,"_runtime":26760.655583334,"AP_Antiparasitic":0.13495039692564592,"AP_Antimicrobial":0.9336415528708277,"_wandb":{"runtime":26806},"Val Loss":0.28116665670593965,"Val AP":0.6149675325675572}