{"_step":109,"Epoch":100,"F1_Antifungal":0.5551303030034928,"AP_Antiparasitic":0.12147546230940445,"_runtime":9946.121531738,"AP_Antimicrobial":0.9397712077045406,"F1_Antiviral":0.5641756938304038,"F1_Antibacterial":0.8647692257697005,"_timestamp":1.747215804040651e+09,"Val Loss":0.2688921992495222,"Val AUC":0.9152365774634165,"AP_Antifungal":0.5706666645817711,"F1_Antimicrobial":0.8849701208774465,"AP_Antibacterial":0.9164417687230352,"_wandb":{"runtime":9946},"Val AP":0.6303690138006505,"AP_Antiviral":0.6034899656845011,"F1_Antiparasitic":0.22295081468766473,"Val F1":0.6183992316337417,"Train Loss":0.010654497686383603}