{"Val Loss":0.2835877179665473,"F1_Antifungal":0.543254464937675,"Train Loss":0.010055831010573208,"_wandb":{"runtime":37450},"F1_Antiparasitic":0.24505928439875646,"F1_Antimicrobial":0.8786214903271563,"AP_Antifungal":0.5561239045804888,"F1_Antiviral":0.5737006482527,"AP_Antimicrobial":0.9393591311276388,"Val AP":0.6374175414144176,"AP_Antibacterial":0.9184239732633249,"_step":109,"_timestamp":1.7470994724702065e+09,"AP_Antiviral":0.6205682889011574,"AP_Antiparasitic":0.15261240919947788,"F1_Antibacterial":0.8665126970785422,"Val AUC":0.9248247299186156,"_runtime":37449.579488736,"Val F1":0.621429716998966,"Epoch":100}