{"_step":2,"_wandb":{"runtime":434},"Train Loss":0.147793882014682,"Epoch":3,"_timestamp":1.747103735137934e+09,"_runtime":429.97756468}